	total_queries	queries_with_hits	queries_no_hits	high_significance	medium_significance	low_significance	very_low_significance	not_found	avg_identity	avg_evalue	avg_bitscore
Platy1217_1	5.0	5.0	0.0	1.0	0.0	4.0	0.0	0.0	32.7062	4.9400707241652e-12	143.32
Ochro3194_1	5.0	5.0	0.0	4.0	1.0	0.0	0.0	0.0	81.4174	8.08e-110	684.2
Chrpa1_1	5.0	3.0	2.0	0.0	0.0	3.0	0.0	2.0	28.53333333333333	9.113333333345933e-12	77.83333333333333
Gepoce1	5.0	5.0	0.0	5.0	0.0	0.0	0.0	0.0	74.9486	2.1e-57	556.4
IsochDm2_1	5.0	5.0	0.0	3.0	2.0	0.0	0.0	0.0	53.498000000000005	1.148e-53	409.2
Chrsp_1	5.0	3.0	2.0	0.0	0.0	3.0	0.0	2.0	28.453000000000003	4.4617000000626674e-08	65.2
Phaglo1	5.0	3.0	2.0	0.0	1.0	2.0	0.0	2.0	32.458666666666666	8.336766666666984e-14	87.0
Pparv12B1_1_1	5.0	3.0	2.0	0.0	0.0	3.0	0.0	2.0	25.682666666666666	2.759266666832e-13	82.33333333333333
Isogal1	5.0	5.0	0.0	3.0	2.0	0.0	0.0	0.0	53.4868	6.839999999999999e-55	403.8
