	total_queries	queries_with_hits	queries_no_hits	high_significance	medium_significance	low_significance	very_low_significance	not_found	avg_identity	avg_evalue	avg_bitscore
Chrpa1_1	4.0	4.0	0.0	2.0	2.0	0.0	0.0	0.0	51.35025	1.2300000026750001e-26	214.35
Chrsp_1	4.0	4.0	0.0	2.0	2.0	0.0	0.0	0.0	51.35025	7.275000015800001e-27	214.35
Gepoce1	4.0	4.0	0.0	4.0	0.0	0.0	0.0	0.0	99.64275	1.94e-99	513.75
IsochDm2_1	4.0	4.0	0.0	4.0	0.0	0.0	0.0	0.0	70.3425	4.75e-50	349.25
Isogal1	4.0	4.0	0.0	4.0	0.0	0.0	0.0	0.0	69.09450000000001	3.20000000004e-50	283.75
Ochro3194_1	4.0	4.0	0.0	4.0	0.0	0.0	0.0	0.0	99.324	7.975e-117	507.25
Phaglo1	4.0	4.0	0.0	2.0	2.0	0.0	0.0	0.0	48.4095	9.800000002255e-23	211.925
Platy1217_1	4.0	4.0	0.0	1.0	3.0	0.0	0.0	0.0	38.87575	3.3424999999999996e-10	119.95
Pparv12B1_1_1	4.0	4.0	0.0	2.0	1.0	1.0	0.0	0.0	46.26475	2.404525e-08	174.8
