	total_queries	queries_with_hits	queries_no_hits	high_significance	medium_significance	low_significance	very_low_significance	not_found	avg_identity	avg_evalue	avg_bitscore
Platy1217_1	2.0	2.0	0.0	0.0	2.0	0.0	0.0	0.0	33.0105	5.065e-10	57.75
Ochro3194_1	2.0	2.0	0.0	2.0	0.0	0.0	0.0	0.0	99.19800000000001	1.595e-116	448.5
Chrpa1_1	2.0	2.0	0.0	0.0	2.0	0.0	0.0	0.0	40.881	2.4600000053500002e-26	112.2
Gepoce1	2.0	2.0	0.0	2.0	0.0	0.0	0.0	0.0	99.819	3.88e-99	429.0
IsochDm2_1	2.0	2.0	0.0	2.0	0.0	0.0	0.0	0.0	68.54650000000001	9.5e-50	315.0
Chrsp_1	2.0	2.0	0.0	0.0	2.0	0.0	0.0	0.0	40.881	1.4550000031600002e-26	112.2
Phaglo1	2.0	2.0	0.0	0.0	2.0	0.0	0.0	0.0	35.57	1.960000000451e-22	104.35
Pparv12B1_1_1	2.0	2.0	0.0	0.0	1.0	1.0	0.0	0.0	34.696	4.80905e-08	54.1
Isogal1	2.0	2.0	0.0	2.0	0.0	0.0	0.0	0.0	68.54650000000001	6.4e-50	315.5
