	Total_Queries	Total_Hits	HIGH_Orthologs	MEDIUM_Homologs	LOW_Possible	VERY_LOW	NOT_FOUND	Avg_Identity_%	Proteins_Analyzed	Hit_Rate_%
Chrpa1_1	29.0	21.0	2.0	12.0	7.0	0.0	8.0	35.641607575757575	6	72.41379310344827
Chrsp_1	29.0	21.0	2.0	2.0	17.0	0.0	8.0	39.86288636363636	6	72.41379310344827
Gepoce1	29.0	29.0	24.0	5.0	0.0	0.0	0.0	83.0435659090909	6	100.0
IsochDm2_1	29.0	29.0	18.0	9.0	2.0	0.0	0.0	55.3959292929293	6	100.0
Isogal1	29.0	29.0	19.0	8.0	2.0	0.0	0.0	56.16865353535354	6	100.0
Ochro3194_1	29.0	29.0	26.0	3.0	0.0	0.0	0.0	87.93426111111113	6	100.0
Phaglo1	29.0	22.0	3.0	13.0	6.0	0.0	7.0	39.23139141414142	6	75.86206896551724
Platy1217_1	29.0	24.0	2.0	16.0	6.0	0.0	5.0	37.031308181818176	6	82.75862068965517
Pparv12B1_1_1	29.0	24.0	3.0	14.0	7.0	0.0	5.0	35.91187878787879	6	82.75862068965517
