	total_queries	queries_with_hits	queries_no_hits	high_significance	medium_significance	low_significance	very_low_significance	not_found	avg_identity	avg_evalue	avg_bitscore
Ochro3194_1	6.0	6.0	0.0	5.0	0.0	1.0	0.0	0.0	77.72816666666667	6.966666666666667e-75	487.6666666666667
Chrpa1_1	6.0	2.0	4.0	0.0	0.0	2.0	2.0	4.0	26.938	344.0	352.5
Gepoce1	6.0	6.0	0.0	5.0	0.0	1.0	0.0	0.0	71.74549999999999	1.8833333333333334e-72	454.0
IsochDm2_1	6.0	6.0	0.0	4.0	1.0	1.0	0.0	0.0	57.86366666666667	7.6833695e-78	341.6666666666667
Chrsp_1	6.0	2.0	4.0	0.0	0.0	2.0	2.0	4.0	28.857999999999997	333.0	278.0
Phaglo1	6.0	2.0	4.0	0.0	0.0	2.0	1.0	4.0	32.71	334.0	143.0
Pparv12B1_1_1	6.0	4.0	2.0	0.0	0.0	4.0	3.0	2.0	28.17675	306.25	94.75
Isogal1	6.0	6.0	0.0	5.0	0.0	1.0	0.0	0.0	56.12866666666667	8.966666666667242e-76	339.5
