	total_queries	queries_with_hits	queries_no_hits	high_significance	medium_significance	low_significance	very_low_significance	not_found	avg_identity	avg_evalue	avg_bitscore
Ochro3194_1	2.0	2.0	0.0	1.0	1.0	0.0	0.0	0.0	97.84700000000001	1.445e-120	1003.5
Chrpa1_1	2.0	1.0	1.0	0.0	0.0	1.0	0.0	1.0	33.006	1.4200000000000001e-56	215.0
Gepoce1	2.0	2.0	0.0	1.0	0.0	1.0	0.0	0.0	95.40899999999999	1.63e-112	852.0
IsochDm2_1	2.0	2.0	0.0	0.0	1.0	1.0	0.0	0.0	57.140499999999996	7.25e-77	698.5
Chrsp_1	2.0	1.0	1.0	0.0	0.0	1.0	1.0	1.0	46.957	8.529999999999999e-48	182.0
Phaglo1	2.0	1.0	1.0	0.0	0.0	1.0	0.0	1.0	41.734	2.48e-120	405.0
Pparv12B1_1_1	2.0	2.0	0.0	0.0	0.0	2.0	0.0	0.0	38.1925	5.65e-22	251.05
Isogal1	2.0	2.0	0.0	0.0	2.0	0.0	0.0	0.0	62.1535	2.3350000000000002e-79	444.5
